,Id,Predicted_Price
0,1461,125813.80018334065
1,1462,168585.08961541875
2,1463,186171.21467085418
3,1464,197199.9528699529
4,1465,208086.65247494727
5,1466,169627.55592577363
6,1467,175758.94044885214
7,1468,160804.94401080045
8,1469,197683.41578977765
9,1470,118836.43319868098
10,1471,180472.83615858125
11,1472,103009.0826533286
12,1473,99770.74956524663
13,1474,140807.88552945596
14,1475,112303.47311056039
15,1476,327842.5221643292
16,1477,243253.18786597613
17,1478,291723.0987780078
18,1479,279840.5397239238
19,1480,403814.77818859345
20,1481,284035.69310233847
21,1482,204618.33317884395
22,1483,178315.05631746288
23,1484,168566.96729902618
24,1485,187323.39632186544
25,1486,194244.2577531303
26,1487,291424.93580839084
27,1488,215551.074731856
28,1489,196287.65704777755
29,1490,245781.34797880752
30,1491,190065.80114620988
31,1492,93881.06276367142
32,1493,176141.44184605835
33,1494,260275.50005896157
34,1495,264368.4561827759
35,1496,234073.74256111498
36,1497,179841.88368092116
37,1498,159894.83283318378
38,1499,167803.5784697249
39,1500,160820.30745254402
40,1501,178185.32157446467
41,1502,145756.73337633742
42,1503,270152.1543632373
43,1504,234846.92429018387
44,1505,229711.14291650278
45,1506,183455.69089322313
46,1507,246861.75034801726
47,1508,185931.97181384388
48,1509,161220.83079477545
49,1510,147617.14118930342
50,1511,139415.9680858022
51,1512,166799.5880410125
52,1513,147007.16904378263
53,1514,179272.27143933988
54,1515,191659.7299858051
55,1516,154705.43466336187
56,1517,176630.3941576667
57,1518,112086.79048135568
58,1519,214022.58128430782
59,1520,124693.53411638498
60,1521,139043.75493941735
61,1522,178605.0463285454
62,1523,110893.4445000838
63,1524,122779.75086938801
64,1525,121191.68499270192
65,1526,88352.06039107585
66,1527,107854.28223922927
67,1528,138622.42459878908
68,1529,157105.24122268925
69,1530,182710.13208155253
70,1531,113475.08821625126
71,1532,99757.80139407478
72,1533,160658.01639561183
73,1534,132728.8573136027
74,1535,144059.54349610885
75,1536,97241.33531935338
76,1537,65657.28123338748
77,1538,147894.89714982873
78,1539,193434.764768477
79,1540,99638.62204608833
80,1541,141402.46254885476
81,1542,152213.49092133984
82,1543,189449.40996704856
83,1544,90481.49288051261
84,1545,109440.84088414033
85,1546,125884.64063036951
86,1547,127483.65482974355
87,1548,151685.76654225332
88,1549,135759.349600481
89,1550,135439.13866133586
90,1551,114317.28522770847
91,1552,142906.3314777605
92,1553,147784.95837602887
93,1554,107626.65764489549
94,1555,161754.6333716847
95,1556,55683.94492745638
96,1557,68351.29782211581
97,1558,98829.34711793365
98,1559,71518.66772016828
99,1560,114099.19212481621
100,1561,113655.88410747134
101,1562,121411.58876292879
102,1563,126326.54625779402
103,1564,152788.5286002285
104,1565,142549.74588054104
105,1566,216935.61730175192
106,1567,77953.92902003211
107,1568,210229.9718624971
108,1569,123532.06845268149
109,1570,130306.23561043233
110,1571,106299.34170055963
111,1572,147257.26012725243
112,1573,303264.8009858016
113,1574,121470.75371789536
114,1575,214090.27693304242
115,1576,246623.70915957802
116,1577,185210.14079411153
117,1578,142182.66558473825
118,1579,149559.32754386903
119,1580,182375.64334258888
120,1581,156175.21248780965
121,1582,126117.47370566087
122,1583,266885.65651437157
123,1584,212750.78277146321
124,1585,136338.12404649207
125,1586,47408.699977531825
126,1587,138498.76254978942
127,1588,157784.3747040337
128,1589,96970.88610228046
129,1590,122193.01919714508
130,1591,104460.16136609943
131,1592,111161.2413906936
132,1593,123799.4670055887
133,1594,158417.57372133498
134,1595,113338.40619943419
135,1596,213526.55797273316
136,1597,190495.74862313876
137,1598,222923.29432262768
138,1599,182403.02487650677
139,1600,164349.59941347127
140,1601,81706.18061286997
141,1602,116627.0446017886
142,1603,21244.201398969686
143,1604,285562.11189302977
144,1605,220676.58998169377
145,1606,157094.5442093034
146,1607,146415.19710164846
147,1608,207659.66469811363
148,1609,177462.7058027665
149,1610,149853.24038785713
150,1611,126250.11268502497
151,1612,172308.4939759135
152,1613,168804.6258684312
153,1614,134488.26506634374
154,1615,100824.92260212664
155,1616,73244.9030843282
156,1617,89598.51879567382
157,1618,108731.55763043446
158,1619,150974.19437175582
159,1620,140276.86033742464
160,1621,136623.27160659092
161,1622,134935.89322591195
162,1623,226044.3724343509
163,1624,201293.39401778753
164,1625,131714.66039159862
165,1626,159461.0382095893
166,1627,191043.67739800634
167,1628,269926.74733829644
168,1629,175605.92695107276
169,1630,332902.6281450734
170,1631,223682.04687525137
171,1632,245754.34098329715
172,1633,175259.57580478018
173,1634,184524.76775162775
174,1635,168828.201998793
175,1636,148224.84489745434
176,1637,197571.7027822555
177,1638,180546.3905181021
178,1639,171833.51729325307
179,1640,236865.4368788856
180,1641,168934.45039090276
181,1642,242024.46146723814
182,1643,207166.5972420911
183,1644,238288.7152067292
184,1645,198479.15627832396
185,1646,149697.4350821106
186,1647,153553.59492531317
187,1648,124427.43215148867
188,1649,135731.12937245183
189,1650,124627.88879068708
190,1651,115740.78309401739
191,1652,96869.31989398837
192,1653,96736.3416330448
193,1654,141290.63412395606
194,1655,129638.03873529186
195,1656,141933.42328137194
196,1657,148921.38888594916
197,1658,146869.33982142532
198,1659,127379.56372481276
199,1660,153651.21717462398
200,1661,381677.07926715084
201,1662,352662.0262085623
202,1663,345328.95893310104
203,1664,400525.59437298425
204,1665,306390.5184515212
205,1666,294573.4921489331
206,1667,350519.63240402594
207,1668,323528.526982466
208,1669,295586.13353293005
209,1670,324629.99460194283
210,1671,255905.5752825676
211,1672,359415.3044265612
212,1673,273940.4238010512
213,1674,242667.90569611482
214,1675,202147.01931500295
215,1676,205836.06718578422
216,1677,216166.15060588828
217,1678,410272.53853344906
218,1679,342486.8122171392
219,1680,303232.8740169605
220,1681,248400.68459603458
221,1682,297003.5889600535
222,1683,188545.85805631411
223,1684,171197.76192996974
224,1685,172358.21886199163
225,1686,175255.85390764446
226,1687,176394.79542168466
227,1688,188778.8095886056
228,1689,191996.7845558421
229,1690,193234.4446396057
230,1691,179251.50424973294
231,1692,254799.8545926374
232,1693,163583.4773950035
233,1694,178426.51452781196
234,1695,161895.3150259973
235,1696,248655.10368720494
236,1697,163548.36194553954
237,1698,303764.69630194316
238,1699,283114.86479714885
239,1700,249166.13142882055
240,1701,256073.79587859294
241,1702,238750.48486679705
242,1703,226746.80007367232
243,1704,254163.11596049252
244,1705,232809.8302218709
245,1706,386894.2370226312
246,1707,216701.53146316958
247,1708,203259.20497733325
248,1709,248905.22889829084
249,1710,224836.07335376262
250,1711,267225.6692031277
251,1712,240033.18634166825
252,1713,274218.52270171477
253,1714,224427.837650251
254,1715,209395.1331577145
255,1716,185147.0053267066
256,1717,175224.44968043442
257,1718,146152.4288449482
258,1719,209961.14759327233
259,1720,227801.46940152935
260,1721,154325.00957064063
261,1722,118977.87453840932
262,1723,148981.21540115323
263,1724,198985.825468362
264,1725,232396.56030133474
265,1726,180683.97092276294
266,1727,141155.74158141544
267,1728,156765.24510529573
268,1729,165666.62387872755
269,1730,150195.40848837863
270,1731,113236.02238904737
271,1732,147021.33974667548
272,1733,117981.68587923332
273,1734,155517.18500715456
274,1735,107412.78418870337
275,1736,98820.41108923734
276,1737,237179.33247141528
277,1738,242640.03636693466
278,1739,238348.94043555227
279,1740,208192.40964109782
280,1741,198136.81347736693
281,1742,176549.9825522125
282,1743,174367.2220292107
283,1744,304744.0430190519
284,1745,205414.8261834215
285,1746,177973.16268104754
286,1747,212386.83872835478
287,1748,208926.72317213216
288,1749,139972.7071381406
289,1750,123860.1363704773
290,1751,221988.27460701563
291,1752,110418.31869548961
292,1753,147854.75532065786
293,1754,185242.81316045922
294,1755,168915.5930806274
295,1756,132397.51294222317
296,1757,120335.18254783913
297,1758,151383.8043926969
298,1759,148618.6374641147
299,1760,154999.3881932224
300,1761,140876.174333267
301,1762,181687.48597968102
302,1763,176469.82891119784
303,1764,111345.4979916169
304,1765,176085.47669048453
305,1766,189298.31092321133
306,1767,210298.42726897728
307,1768,148817.60376518744
308,1769,157865.1712507364
309,1770,155089.98491744773
310,1771,131503.96657336017
311,1772,144449.09613174447
312,1773,118045.91359731997
313,1774,127883.92659139977
314,1775,140842.2650730433
315,1776,138876.3747647365
316,1777,101914.07499567249
317,1778,147882.74578970973
318,1779,112807.00705622541
319,1780,172172.8172127193
320,1781,125753.83165790666
321,1782,92293.46174308874
322,1783,135241.69346839935
323,1784,94328.25941474107
324,1785,135669.0819210908
325,1786,141297.45455881543
326,1787,157600.5860457175
327,1788,50703.89364467474
328,1789,103442.5850788453
329,1790,66278.84139317906
330,1791,198558.45790722693
331,1792,153021.05668393
332,1793,122584.2101857966
333,1794,156788.17077996818
334,1795,139752.50347673814
335,1796,155250.48444575316
336,1797,127595.68642478649
337,1798,126058.53724155492
338,1799,105054.73703734175
339,1800,127144.75670649721
340,1801,132864.77438077703
341,1802,134308.8547293728
342,1803,152094.66093491268
343,1804,127242.84647076468
344,1805,126682.60219348618
345,1806,127245.28731612395
346,1807,127077.25746810768
347,1808,118829.65882257328
348,1809,129514.79379854474
349,1810,138234.58294777942
350,1811,98007.1132430426
351,1812,111023.70788231751
352,1813,118540.94886282994
353,1814,136172.49782286846
354,1815,43291.947482157644
355,1816,100348.5425657068
356,1817,104196.46279221593
357,1818,162544.53538753075
358,1819,133149.3500234999
359,1820,40848.33103317092
360,1821,104674.80566630857
361,1822,150645.8505730235
362,1823,41634.849469514666
363,1824,145772.4847132807
364,1825,145338.19698629406
365,1826,95727.9924482852
366,1827,104287.40076386096
367,1828,133912.19068084838
368,1829,124584.69596655769
369,1830,142328.70379787465
370,1831,136406.93731838375
371,1832,66371.71978167114
372,1833,137061.40409979838
373,1834,118236.58234767898
374,1835,117327.02184962496
375,1836,128489.66872072755
376,1837,76615.25145489059
377,1838,98886.4844150534
378,1839,105322.83338168258
379,1840,78183.31743622434
380,1841,131432.44898526
381,1842,84323.43810236419
382,1843,140091.05536737284
383,1844,158016.82640296913
384,1845,150783.7228799999
385,1846,139881.2976726523
386,1847,157873.7684909393
387,1848,45028.36192645511
388,1849,101974.78734789081
389,1850,115795.48474073986
390,1851,150626.1393314634
391,1852,127373.41920954859
392,1853,121670.6791948005
393,1854,161439.00306020537
394,1855,162552.4381449868
395,1856,212389.17605020863
396,1857,115592.3261787417
397,1858,98520.75351364921
398,1859,56938.38520563362
399,1860,91072.12919211354
400,1861,56006.84046300687
401,1862,274273.61376731406
402,1863,263938.562772252
403,1864,263966.5847987374
404,1865,321525.36787553784
405,1866,318151.68201290234
406,1867,212829.71548823715
407,1868,270948.90894966037
408,1869,202067.13203866483
409,1870,215970.7093181291
410,1871,246707.98775717214
411,1872,169391.88032040835
412,1873,240666.1348013859
413,1874,136341.08404956115
414,1875,195958.4683205111
415,1876,194612.19107859285
416,1877,210718.9916200529
417,1878,189016.15572066559
418,1879,142627.7915322956
419,1880,129029.78353061632
420,1881,245405.8863337937
421,1882,231684.1013194098
422,1883,187395.50754574663
423,1884,205301.020922011
424,1885,216745.84255305235
425,1886,265814.42139481456
426,1887,202548.1370407879
427,1888,242689.22993289185
428,1889,173328.6194967114
429,1890,121935.30150233084
430,1891,144437.97343029056
431,1892,109217.97804556068
432,1893,134731.93192365533
433,1894,111829.43437753635
434,1895,128526.80584598385
435,1896,127184.30849185698
436,1897,125768.62159896616
437,1898,107551.9208485416
438,1899,167986.9975675859
439,1900,162995.29628123902
440,1901,192296.6173609245
441,1902,196688.3044305807
442,1903,212128.08413750672
443,1904,160175.22890647635
444,1905,204843.61777305533
445,1906,143584.59773894446
446,1907,220793.29060184164
447,1908,113636.18826410716
448,1909,128118.9775145289
449,1910,125849.87183732595
450,1911,225791.78107580947
451,1912,323543.9742493945
452,1913,177089.2314485399
453,1914,56507.472755934796
454,1915,327070.0034604721
455,1916,45178.23513163772
456,1917,220383.47881617025
457,1918,134028.65417962102
458,1919,164621.88644153936
459,1920,151712.12072645192
460,1921,354886.9781980682
461,1922,311475.5548523088
462,1923,220103.08797969512
463,1924,212974.78621181476
464,1925,202809.8206407057
465,1926,353724.8209221795
466,1927,128215.66322241865
467,1928,157168.5427331792
468,1929,132317.02223217487
469,1930,120460.2558233075
470,1931,134197.05788640128
471,1932,137244.4880448334
472,1933,174754.07914724652
473,1934,170774.7982651987
474,1935,169152.06677482487
475,1936,200082.11855850517
476,1937,176094.8752082656
477,1938,173014.63745685547
478,1939,242545.2085678172
479,1940,205646.86973846843
480,1941,163639.78946299604
481,1942,168575.3100484584
482,1943,226456.47902305058
483,1944,364996.75948342285
484,1945,377920.4504127292
485,1946,144564.75313496028
486,1947,340084.3891699113
487,1948,184769.11217864355
488,1949,236264.47919116195
489,1950,193711.71481009418
490,1951,225105.4988757766
491,1952,203744.76979355307
492,1953,160038.7939626584
493,1954,171959.16901654284
494,1955,129965.26860860587
495,1956,257838.46119394508
496,1957,150512.50624920713
497,1958,260662.99451562745
498,1959,130849.15079256987
499,1960,106465.90862155461
500,1961,132340.08394545797
501,1962,94686.90517634405
502,1963,110285.00705758066
503,1964,113659.78631226969
504,1965,130423.35775382843
505,1966,143099.06350043777
506,1967,280988.8617702747
507,1968,363195.3515134029
508,1969,344746.16662260797
509,1970,364758.401325351
510,1971,396132.50346123334
511,1972,332966.6159687174
512,1973,270853.54642195127
513,1974,325219.42326288484
514,1975,417562.9030191341
515,1976,253632.33248618268
516,1977,307978.87781097135
517,1978,313145.68394342694
518,1979,287949.09882060834
519,1980,202406.38819400547
520,1981,313483.89899917436
521,1982,209747.39299422354
522,1983,195638.13214790297
523,1984,179102.36370421387
524,1985,222457.91187176463
525,1986,213156.88828025805
526,1987,204583.99824131944
527,1988,173451.76461875543
528,1989,192385.8572936518
529,1990,207592.7509243816
530,1991,225988.36220428167
531,1992,209227.80365253874
532,1993,165981.69141102076
533,1994,227684.64101901388
534,1995,176674.48558917711
535,1996,228949.83536060312
536,1997,277218.04734292475
537,1998,281622.63392735197
538,1999,266121.0589004969
539,2000,281447.6866396959
540,2001,234412.78893044422
541,2002,230437.29111531537
542,2003,229684.3257731343
543,2004,254806.00447818573
544,2005,219326.40951189422
545,2006,217271.7594324759
546,2007,231041.79722140444
547,2008,221923.75236458424
548,2009,201286.1985614146
549,2010,184792.66357067344
550,2011,135815.94958050075
551,2012,170480.90510029817
552,2013,184114.94082434283
553,2014,190915.34554984974
554,2015,210097.03937786305
555,2016,195149.11188134053
556,2017,196559.47784335027
557,2018,105688.20065628414
558,2019,128229.32191802334
559,2020,67105.02726814107
560,2021,104017.51297789879
561,2022,175093.27950076788
562,2023,144296.90495940915
563,2024,265380.6877267027
564,2025,294230.55525901273
565,2026,177541.58923424833
566,2027,162987.73459172074
567,2028,159048.55532168795
568,2029,178266.22547154193
569,2030,246319.58193534677
570,2031,221096.32150384382
571,2032,243677.55224198243
572,2033,238501.44604858762
573,2034,181619.4168248951
574,2035,214517.75132023724
575,2036,197738.9804522862
576,2037,195540.93931416515
577,2038,299736.435114946
578,2039,203540.9912095787
579,2040,272068.21681451215
580,2041,273970.354421124
581,2042,207197.75892095
582,2043,170944.19188875298
583,2044,161813.55030082565
584,2045,195390.20367029542
585,2046,118691.5490692626
586,2047,140879.76857655714
587,2048,140526.20038291227
588,2049,128467.67887292255
589,2050,171817.94570740778
590,2051,97183.8221406253
591,2052,110912.48257840758
592,2053,147020.9984015265
593,2054,102871.83383324556
594,2055,150918.29792021107
595,2056,126506.09664230101
596,2057,104911.64823381463
597,2058,200126.7517937618
598,2059,119570.57608497639
599,2060,167692.27488668993
600,2061,169670.84145656874
601,2062,130476.73792786173
602,2063,119086.52190764144
603,2064,136732.28525618298
604,2065,121680.66632032213
605,2066,160330.5955454061
606,2067,97795.59244769604
607,2068,131274.28199871094
608,2069,101355.23174736153
609,2070,110060.36807425889
610,2071,103938.71798037102
611,2072,146581.4300910079
612,2073,132369.73189039447
613,2074,178988.67159291633
614,2075,160846.20119521808
615,2076,116740.45899152588
616,2077,155111.87388477477
617,2078,136389.40317093066
618,2079,134266.41938112007
619,2080,110444.16962523003
620,2081,128215.5203604365
621,2082,130644.31025417792
622,2083,144015.66083839885
623,2084,110629.95035867905
624,2085,123899.94774821833
625,2086,129865.11376977392
626,2087,122712.47669050511
627,2088,113083.34321590094
628,2089,85315.50903272323
629,2090,119274.52029465881
630,2091,97691.89286273476
631,2092,100670.20194755489
632,2093,134837.74642215922
633,2094,110609.5617911963
634,2095,171869.0631674154
635,2096,82951.8111231653
636,2097,99862.24591684244
637,2098,171097.76098838277
638,2099,40641.265883066895
639,2100,65794.94836217418
640,2101,101507.96837081315
641,2102,122901.71126514566
642,2103,97351.39854641826
643,2104,148738.17575929913
644,2105,143299.60944547426
645,2106,29055.631690286973
646,2107,187433.8596158153
647,2108,120174.6228135117
648,2109,117040.95030735427
649,2110,128606.45517376103
650,2111,148374.5388088439
651,2112,142579.2755461845
652,2113,119730.28827183465
653,2114,111290.24955417009
654,2115,170690.31626256104
655,2116,119473.23366192804
656,2117,145469.51855588987
657,2118,124016.1196132992
658,2119,114898.84720561744
659,2120,110785.86419961076
660,2121,92694.46696973624
661,2122,124804.3603805429
662,2123,82987.61806915281
663,2124,158804.58870459485
664,2125,125614.60218174642
665,2126,142153.90552642685
666,2127,170120.4504703881
667,2128,142392.35652714988
668,2129,81215.39990659004
669,2130,144981.5071475914
670,2131,141171.330351523
671,2132,93390.69168133062
672,2133,127091.64695309888
673,2134,107613.03414270197
674,2135,84734.87126305624
675,2136,45191.86594230273
676,2137,111505.20381788246
677,2138,136918.35779450153
678,2139,141128.2102407892
679,2140,134911.9801387415
680,2141,185371.60305667346
681,2142,125963.04664028052
682,2143,152773.11105932202
683,2144,58418.13234515037
684,2145,134769.850729967
685,2146,169426.43093107647
686,2147,115943.03850325983
687,2148,130887.06845049903
688,2149,147516.57012639585
689,2150,216317.86531871703
690,2151,123854.40956125429
691,2152,178370.9664206769
692,2153,164923.5169982066
693,2154,101498.72788607859
694,2155,154726.6005010066
695,2156,249807.37700578425
696,2157,220469.82722893893
697,2158,233643.5685113217
698,2159,204002.26862620848
699,2160,178458.022326378
700,2161,223934.24016500078
701,2162,340440.0500841123
702,2163,324282.7445301204
703,2164,225651.32691699202
704,2165,196645.59794038284
705,2166,158508.1577850948
706,2167,215669.47238400907
707,2168,209576.69144282976
708,2169,195557.9452034075
709,2170,214714.30484249332
710,2171,156467.95046687548
711,2172,129137.04638702984
712,2173,170453.61571563853
713,2174,210909.301446688
714,2175,250922.59523644304
715,2176,283729.2170431014
716,2177,233181.7931932946
717,2178,197429.48122753907
718,2179,136461.7737713992
719,2180,204879.2186807106
720,2181,193709.62109428382
721,2182,220383.88923141264
722,2183,185336.21447132097
723,2184,121326.52054840353
724,2185,132237.78421648114
725,2186,152360.16699201663
726,2187,140716.5860848423
727,2188,144849.58518899826
728,2189,297718.6898833823
729,2190,92738.27617524323
730,2191,67950.14443864004
731,2192,69643.74563220382
732,2193,117784.1393033032
733,2194,92473.68970216987
734,2195,127721.80241611267
735,2196,117920.29890253625
736,2197,110397.5625826589
737,2198,148642.72672999604
738,2199,147816.75437838884
739,2200,154628.75502832019
740,2201,162968.62693776598
741,2202,199714.4785628579
742,2203,168690.57648606537
743,2204,204321.84337391722
744,2205,136896.63219027198
745,2206,155027.1623719855
746,2207,189309.49639960573
747,2208,241438.2045661065
748,2209,257291.93319037382
749,2210,135371.22648886184
750,2211,106440.1389460032
751,2212,123106.00172482837
752,2213,110830.3836381618
753,2214,128023.43922482274
754,2215,99488.26138867365
755,2216,156889.86357632672
756,2217,105071.58945429526
757,2218,80243.91644952759
758,2219,64207.044650146854
759,2220,58831.47177179891
760,2221,328481.1020077702
761,2222,304476.78209247335
762,2223,255112.41771399032
763,2224,198296.72542159184
764,2225,114442.1754301432
765,2226,188009.8165018714
766,2227,183403.94945103148
767,2228,266468.7102314268
768,2229,245553.74768557862
769,2230,155139.29591123536
770,2231,220061.39549955755
771,2232,176162.3015588834
772,2233,178646.87770087394
773,2234,228909.20693315318
774,2235,228453.73071370716
775,2236,248418.31264440296
776,2237,283764.48288365576
777,2238,139795.66747828288
778,2239,110695.34405993679
779,2240,150818.67278285854
780,2241,140306.58785860118
781,2242,133434.6024768063
782,2243,126765.42657680639
783,2244,113890.88497413014
784,2245,121729.70196008471
785,2246,132233.43210865447
786,2247,120360.70261292423
787,2248,125436.96578699886
788,2249,119043.06760852807
789,2250,130466.65002942982
790,2251,85235.80507780278
791,2252,183348.47572408902
792,2253,159609.83653853036
793,2254,169170.8618164565
794,2255,185508.81811324848
795,2256,173570.97178094645
796,2257,210615.7984645695
797,2258,154914.79426516735
798,2259,172697.4394449594
799,2260,102127.52870534442
800,2261,210758.2793420678
801,2262,235863.82546152011
802,2263,359490.6356696738
803,2264,415183.11748826364
804,2265,148162.68674082123
805,2266,308319.56534843333
806,2267,356391.4456346516
807,2268,377174.2487158895
808,2269,148810.91415948
809,2270,187870.5363774799
810,2271,212903.44963631377
811,2272,146687.63820953548
812,2273,158216.08814497135
813,2274,186594.04606065108
814,2275,159663.6808768412
815,2276,205985.07213320094
816,2277,180391.19838242506
817,2278,157313.01869212076
818,2279,142252.23888028186
819,2280,113973.84460836876
820,2281,163841.46913250256
821,2282,179485.46568274318
822,2283,114134.57322696166
823,2284,131528.6291348786
824,2285,153067.2192037495
825,2286,120495.17253858817
826,2287,335838.77347407804
827,2288,264881.2968499342
828,2289,314018.236229626
829,2290,383375.63416659634
830,2291,310746.4908451777
831,2292,360691.89630553604
832,2293,392897.7327293609
833,2294,343424.9005555463
834,2295,384214.27186331246
835,2296,265421.34121804475
836,2297,338453.23184200784
837,2298,337552.7954472571
838,2299,316763.18876296387
839,2300,307068.1465591623
840,2301,301588.53038348904
841,2302,247445.8974779311
842,2303,230847.06784570776
843,2304,236097.43433921004
844,2305,204553.31803707418
845,2306,201051.5294588933
846,2307,199537.3750021248
847,2308,257669.63214856846
848,2309,278232.5428001636
849,2310,201488.21855277097
850,2311,205014.687981933
851,2312,176657.42165786112
852,2313,170358.2930912903
853,2314,180372.4790761037
854,2315,180461.39465185395
855,2316,196104.57962889702
856,2317,191861.1619206239
857,2318,186299.9730502319
858,2319,186893.57938869248
859,2320,182158.14300457112
860,2321,231569.64117990254
861,2322,195130.8766588252
862,2323,188413.52858182084
863,2324,179574.31729779352
864,2325,200995.987759861
865,2326,176006.43899462488
866,2327,202772.40919735545
867,2328,226252.3554632465
868,2329,186921.386135687
869,2330,181093.2173995228
870,2331,291518.1444569313
871,2332,340830.6517105377
872,2333,291827.6084585462
873,2334,246434.93227952532
874,2335,260659.28417072824
875,2336,286618.03219950735
876,2337,190899.97542142784
877,2338,241974.1632970748
878,2339,197973.88129543792
879,2340,335585.77188183204
880,2341,185226.53317394113
881,2342,216272.68958898546
882,2343,215599.95243163878
883,2344,207814.70374942274
884,2345,209506.42524321427
885,2346,212978.03145609723
886,2347,201304.8545704301
887,2348,235694.57999863278
888,2349,192660.17851257196
889,2350,298511.70353026513
890,2351,261603.042436864
891,2352,233665.1643699149
892,2353,247460.620716875
893,2354,151008.9786743333
894,2355,157116.90733656008
895,2356,149234.140544171
896,2357,185395.5719655368
897,2358,200026.38672780205
898,2359,116905.65016897497
899,2360,105782.55919901766
900,2361,152995.6866740178
901,2362,246267.93292539596
902,2363,136786.2321725993
903,2364,156583.95435177657
904,2365,202456.94768222107
905,2366,183946.81606709695
906,2367,206899.2894802575
907,2368,218578.0341759337
908,2369,195599.47616188892
909,2370,168203.2641259645
910,2371,177755.79635333718
911,2372,198893.0431855099
912,2373,265657.53694897896
913,2374,280724.06076122686
914,2375,210207.7978558676
915,2376,263755.63273604744
916,2377,308500.80980545736
917,2378,176658.1495765368
918,2379,207519.32111082965
919,2380,154327.98534161458
920,2381,165875.5676654434
921,2382,185624.9374523316
922,2383,187938.780701165
923,2384,238289.16102169023
924,2385,156184.40278695285
925,2386,119482.37633078429
926,2387,129089.70209583674
927,2388,88475.59603399322
928,2389,108689.0973626852
929,2390,173024.93018153677
930,2391,144576.03660904607
931,2392,111478.28372741234
932,2393,191159.33778737357
933,2394,140756.7907975603
934,2395,202598.46435055224
935,2396,133442.0102391814
936,2397,208068.7238387665
937,2398,110797.33959777284
938,2399,66452.16819242566
939,2400,60421.495084078546
940,2401,130772.3174636307
941,2402,115426.52241639735
942,2403,137074.65506420642
943,2404,152602.21459767158
944,2405,148202.9157449698
945,2406,138788.44283936973
946,2407,134541.87449138807
947,2408,152421.6560405995
948,2409,116742.94102341082
949,2410,155442.2870982618
950,2411,112723.99407197909
951,2412,156858.9522454743
952,2413,128056.47809702545
953,2414,155599.91253833304
954,2415,125961.53608850735
955,2416,129228.10209951614
956,2417,138523.18846383094
957,2418,132167.66583568105
958,2419,122076.4325949396
959,2420,113786.09059360536
960,2421,132405.25047683076
961,2422,117556.40743309037
962,2423,116199.73303334479
963,2424,150268.33240732233
964,2425,221546.60681929605
965,2426,112476.49447672944
966,2427,127630.51314268819
967,2428,173202.68449048628
968,2429,104226.29927519054
969,2430,134867.17803577066
970,2431,100446.82204515228
971,2432,153134.4546588722
972,2433,148333.3614785352
973,2434,139045.12004665937
974,2435,154127.70615816282
975,2436,115759.75819902652
976,2437,111954.92347709907
977,2438,121462.54956145803
978,2439,99388.95032769193
979,2440,125796.5837262107
980,2441,108649.6672854446
981,2442,97167.72861704908
982,2443,135532.2650403735
983,2444,122333.57407492455
984,2445,104750.39281271574
985,2446,131996.2019893819
986,2447,172857.88333979578
987,2448,116301.7162293469
988,2449,110069.98351943176
989,2450,161823.23234487377
990,2451,144659.27237130312
991,2452,190534.59804063255
992,2453,101803.43300747022
993,2454,95928.91534109775
994,2455,97835.8898770085
995,2456,158701.492817396
996,2457,170864.14921183445
997,2458,127583.56581060294
998,2459,118047.66913598544
999,2460,132593.30554415952
1000,2461,120394.94395761719
1001,2462,137892.90335135406
1002,2463,121697.54034933905
1003,2464,176666.5045551195
1004,2465,134256.61490854123
1005,2466,141765.0182956837
1006,2467,127360.21447791146
1007,2468,107703.87792191966
1008,2469,111090.98321790944
1009,2470,199163.99567695367
1010,2471,184179.25518943914
1011,2472,174453.71618701977
1012,2473,104057.80908286356
1013,2474,67671.72657069445
1014,2475,201593.9335905495
1015,2476,98435.20343458882
1016,2477,113608.41805815737
1017,2478,151647.50831783089
1018,2479,95845.1125398578
1019,2480,143570.6496173445
1020,2481,116917.74324014902
1021,2482,100154.82187800805
1022,2483,101609.79700271861
1023,2484,112154.77923168299
1024,2485,119602.80379993128
1025,2486,161503.5591710072
1026,2487,167921.44369858457
1027,2488,146398.29895486057
1028,2489,155011.11626992552
1029,2490,137689.4388446984
1030,2491,102954.76629595601
1031,2492,178123.12658687722
1032,2493,139485.20513506056
1033,2494,139160.5296678326
1034,2495,73728.64358925217
1035,2496,213245.55740041233
1036,2497,155787.41734994377
1037,2498,121423.56522188999
1038,2499,87669.85721913254
1039,2500,112662.90825275703
1040,2501,138936.48976230744
1041,2502,141682.36137005928
1042,2503,84310.93236608911
1043,2504,180705.96432253876
1044,2505,247604.50707661128
1045,2506,233472.77530973725
1046,2507,244536.74421902746
1047,2508,234428.90787717854
1048,2509,206861.10433808257
1049,2510,206729.73707459169
1050,2511,172463.5885961233
1051,2512,208537.71333860327
1052,2513,202185.9624567723
1053,2514,220607.1309437257
1054,2515,158922.577862756
1055,2516,166087.75987431785
1056,2517,149336.81110857456
1057,2518,145153.62091366528
1058,2519,227780.40047152125
1059,2520,210033.23668641606
1060,2521,183978.3750496992
1061,2522,214610.8973137529
1062,2523,116122.97804474697
1063,2524,126649.65535702457
1064,2525,143455.4639455834
1065,2526,147650.1510269058
1066,2527,114711.08813313794
1067,2528,164195.21326323092
1068,2529,150283.5698308617
1069,2530,127742.84190750048
1070,2531,238150.12487058167
1071,2532,220978.3362118943
1072,2533,195096.10538807212
1073,2534,210012.5009845404
1074,2535,261705.39472550648
1075,2536,218130.18239612336
1076,2537,231673.01120809905
1077,2538,178956.66117848002
1078,2539,181626.00858577676
1079,2540,176627.60449514032
1080,2541,176785.8459751518
1081,2542,161401.71773968858
1082,2543,120149.43155253978
1083,2544,120299.81924875428
1084,2545,118940.85762714615
1085,2546,130779.87642211455
1086,2547,124743.1260842797
1087,2548,155247.73395944343
1088,2549,160531.12248755264
1089,2550,595549.4843382877
1090,2551,154283.32956503876
1091,2552,139425.93855337755
1092,2553,70546.42051924739
1093,2554,79010.72656562875
1094,2555,99491.91421492264
1095,2556,95487.46584291072
1096,2557,119267.20557875127
1097,2558,189660.14052454126
1098,2559,146790.25542973197
1099,2560,165305.12914402856
1100,2561,162713.66703084
1101,2562,194855.18978303604
1102,2563,165219.92669371358
1103,2564,189830.20659574823
1104,2565,162289.55741094614
1105,2566,197646.6530688827
1106,2567,134120.87757804696
1107,2568,206798.4445324475
1108,2569,263890.8875541579
1109,2570,120424.19839191355
1110,2571,209512.13892583802
1111,2572,156079.0156072849
1112,2573,226460.09351862007
1113,2574,289286.7271211075
1114,2575,134522.5773000897
1115,2576,118473.35312785022
1116,2577,111088.74599300936
1117,2578,69005.3186918988
1118,2579,28712.189155907952
1119,2580,87722.17631871402
1120,2581,143857.32210655033
1121,2582,125506.94531462599
1122,2583,283549.7551647821
1123,2584,177396.91243665287
1124,2585,192341.97418186773
1125,2586,221175.85201916812
1126,2587,194927.23780129355
1127,2588,136148.64145048897
1128,2589,157396.46107626744
1129,2590,185181.74342863873
1130,2591,200109.65234796965
1131,2592,210490.20622619946
1132,2593,251256.5862660596
1133,2594,173569.0761496551
1134,2595,204193.29939038452
1135,2596,254092.51970979606
1136,2597,190129.0507510631
1137,2598,265640.09566854837
1138,2599,307454.9113361391
1139,2600,185339.64917699347
1140,2601,142263.96937176783
1141,2602,74302.8369146961
1142,2603,100923.75619488381
1143,2604,90845.1846767387
1144,2605,72762.5615610243
1145,2606,145707.51573507176
1146,2607,205701.1735143434
1147,2608,174734.46664548278
1148,2609,166268.5623790405
1149,2610,122479.42797424516
1150,2611,137554.8160185344
1151,2612,149400.8746743616
1152,2613,130400.30773686981
1153,2614,121105.56570585407
1154,2615,154685.00793140975
1155,2616,130979.48796030832
1156,2617,199969.73652537877
1157,2618,229427.43971830464
1158,2619,176781.02204554636
1159,2620,184077.12186808806
1160,2621,165809.29552790255
1161,2622,178195.32251695934
1162,2623,236414.9870117008
1163,2624,264102.8692226323
1164,2625,273872.08242528874
1165,2626,167642.60031925415
1166,2627,182054.7926566807
1167,2628,399887.4124007984
1168,2629,434242.5031638477
1169,2630,354459.25138809346
1170,2631,410944.6226772086
1171,2632,372479.37247275456
1172,2633,301944.9323061794
1173,2634,388316.66123955685
1174,2635,153595.8869176644
1175,2636,165523.9787910339
1176,2637,201517.47858709042
1177,2638,251160.59505880973
1178,2639,177242.47313995013
1179,2640,152892.35086813333
1180,2641,98170.18791690137
1181,2642,189090.67837411648
1182,2643,110990.49838962508
1183,2644,111993.8790196239
1184,2645,114763.34592394688
1185,2646,97775.95802931266
1186,2647,112774.26672775472
1187,2648,146234.69969198134
1188,2649,141556.9757016529
1189,2650,125243.36073391669
1190,2651,136634.71309301964
1191,2652,353748.0730077352
1192,2653,238092.00599577226
1193,2654,259330.15758226457
1194,2655,370988.2392934336
1195,2656,291336.6522598062
1196,2657,325130.3659016604
1197,2658,297199.18108134967
1198,2659,292454.1314637996
1199,2660,323464.26897825685
1200,2661,320514.5128774182
1201,2662,340985.86095367896
1202,2663,260923.63257783314
1203,2664,269488.4319259239
1204,2665,310746.1513120149
1205,2666,263187.0156171438
1206,2667,167453.64648647315
1207,2668,174187.21178366552
1208,2669,178347.2597040699
1209,2670,254189.55858955282
1210,2671,183268.1419923239
1211,2672,195726.1990296879
1212,2673,200158.4931008143
1213,2674,201601.5091677268
1214,2675,181490.0731448403
1215,2676,186890.80697853514
1216,2677,193197.4215131204
1217,2678,235701.47887957864
1218,2679,253868.3862840262
1219,2680,261624.23604246986
1220,2681,346740.75536386913
1221,2682,288915.9648011315
1222,2683,413735.32319969265
1223,2684,280626.65073887375
1224,2685,291227.45085010433
1225,2686,229248.10398644477
1226,2687,276769.6108479509
1227,2688,198098.88589978107
1228,2689,206989.14195965294
1229,2690,353475.89573891024
1230,2691,195426.39812242586
1231,2692,145627.23189002572
1232,2693,197993.94382575393
1233,2694,130392.55482814624
1234,2695,188578.93274645385
1235,2696,180720.03226435525
1236,2697,191654.63588766623
1237,2698,191782.27385259498
1238,2699,165556.65113192872
1239,2700,145011.36328772307
1240,2701,132941.16561950895
1241,2702,88251.32629003418
1242,2703,97295.9141233614
1243,2704,133286.99246301624
1244,2705,116143.15467605139
1245,2706,88700.92739108007
1246,2707,103817.14485593463
1247,2708,134564.1388111763
1248,2709,115775.92748243654
1249,2710,135922.60106933897
1250,2711,225598.52776969428
1251,2712,341489.66596612206
1252,2713,172259.75597386007
1253,2714,158756.38369720452
1254,2715,174001.69115916558
1255,2716,138442.3554880539
1256,2717,202464.37411899446
1257,2718,212649.73278422374
1258,2719,133989.97451139218
1259,2720,140423.173013749
1260,2721,133996.05625622353
1261,2722,157936.17511102415
1262,2723,135809.19090008127
1263,2724,131559.0389665801
1264,2725,124236.57695075333
1265,2726,141960.62837123513
1266,2727,137096.30341919354
1267,2728,166283.5266076804
1268,2729,145985.4944781777
1269,2730,144918.8958038396
1270,2731,125662.2782698684
1271,2732,139509.1051628403
1272,2733,156741.11087781793
1273,2734,153366.8016446779
1274,2735,136259.63803549323
1275,2736,137725.46920711861
1276,2737,109009.42315505899
1277,2738,118628.80202579315
1278,2739,149512.56750034017
1279,2740,140858.52476072387
1280,2741,150123.47723750188
1281,2742,146674.55683548693
1282,2743,143049.41533316424
1283,2744,150489.4852836959
1284,2745,135525.82199370416
1285,2746,141642.30978017373
1286,2747,146150.2660754473
1287,2748,119409.92003053172
1288,2749,115928.47707444508
1289,2750,121398.45635710038
1290,2751,132186.81175263802
1291,2752,165981.26723224184
1292,2753,149086.70121989812
1293,2754,204155.31148169842
1294,2755,134249.2105072155
1295,2756,87869.492436017
1296,2757,59916.16019075834
1297,2758,78507.8631953181
1298,2759,153085.93458956183
1299,2760,125433.56416105176
1300,2761,135495.36292995166
1301,2762,141544.7147400268
1302,2763,170276.07615275367
1303,2764,139077.68051921454
1304,2765,258976.16667105892
1305,2766,135826.3481237325
1306,2767,106393.85978849961
1307,2768,124463.5401145426
1308,2769,144549.78210855398
1309,2770,135006.01744349516
1310,2771,101963.97409818941
1311,2772,102255.18853675755
1312,2773,168405.60756800312
1313,2774,150280.93649645755
1314,2775,113650.60210665087
1315,2776,137077.03143934402
1316,2777,154418.57934112783
1317,2778,119367.48101546091
1318,2779,123428.57725265835
1319,2780,89389.13357808674
1320,2781,87668.00415673148
1321,2782,100734.79488322724
1322,2783,91742.59028385697
1323,2784,108931.03567267265
1324,2785,132724.93548496524
1325,2786,61605.145197846636
1326,2787,129368.01720743737
1327,2788,63074.8891363751
1328,2789,174326.75397861318
1329,2790,88519.81322526341
1330,2791,114982.15852364132
1331,2792,31713.79279246996
1332,2793,156683.3119364084
1333,2794,112667.78983300438
1334,2795,115313.78846917466
1335,2796,97064.7827401206
1336,2797,230503.44905222172
1337,2798,107277.88946530524
1338,2799,113343.09744693022
1339,2800,67779.0028477542
1340,2801,92713.36681645554
1341,2802,110567.34834705183
1342,2803,165128.54142886653
1343,2804,134208.0944322744
1344,2805,99572.70642483432
1345,2806,69557.22622687006
1346,2807,156693.43260385774
1347,2808,149427.17516365563
1348,2809,125456.79137786453
1349,2810,128897.66730828941
1350,2811,150379.85354401308
1351,2812,167605.143152916
1352,2813,149128.0561303801
1353,2814,147572.70360404553
1354,2815,93046.95936715024
1355,2816,215765.19834955942
1356,2817,148628.99448416967
1357,2818,131517.54016072184
1358,2819,176575.00513597875
1359,2820,143915.74973155773
1360,2821,76991.1271744398
1361,2822,188829.74791230675
1362,2823,321222.57741768134
1363,2824,186386.3868928904
1364,2825,146599.17672815968
1365,2826,136707.44837048845
1366,2827,134249.5355548038
1367,2828,241000.10011702037
1368,2829,187497.59037236584
1369,2830,211222.38332046036
1370,2831,178150.67409190943
1371,2832,240999.81976129726
1372,2833,281343.57746756397
1373,2834,216881.57729355094
1374,2835,213127.94272548152
1375,2836,185095.18962615557
1376,2837,153468.7939113005
1377,2838,144460.89632198503
1378,2839,185125.49709936828
1379,2840,201143.25660370648
1380,2841,203293.665608919
1381,2842,221551.77877904987
1382,2843,161460.9319983007
1383,2844,162623.50143812137
1384,2845,110748.99674433414
1385,2846,209261.13350520688
1386,2847,203287.8699421783
1387,2848,203796.58629552065
1388,2849,198066.4044674468
1389,2850,250225.69984738447
1390,2851,198129.84284902003
1391,2852,216836.3010650735
1392,2853,222700.04364560827
1393,2854,137077.11885524474
1394,2855,199188.31888071774
1395,2856,196089.3370034252
1396,2857,183452.37098189222
1397,2858,198730.41168628656
1398,2859,90128.67147354053
1399,2860,153482.93148046324
1400,2861,143012.4010737444
1401,2862,186875.69898577785
1402,2863,143154.89401227536
1403,2864,229320.78863436187
1404,2865,151825.378799872
1405,2866,136556.60824189612
1406,2867,87774.77014395922
1407,2868,120207.1043278065
1408,2869,107846.79807537913
1409,2870,133814.45738507225
1410,2871,79621.7667403763
1411,2872,14618.09821425387
1412,2873,75284.08794733614
1413,2874,132395.5557871134
1414,2875,111566.78452502418
1415,2876,150281.70896405826
1416,2877,149152.67759166897
1417,2878,167288.8541797889
1418,2879,121808.7288698315
1419,2880,108023.06016966535
1420,2881,152186.0793425617
1421,2882,202424.9698769615
1422,2883,191243.91377507657
1423,2884,202853.6839055469
1424,2885,194553.88925105747
1425,2886,235832.65129453942
1426,2887,129249.56809011604
1427,2888,139647.6349814957
1428,2889,37671.96332060466
1429,2890,75721.24115838885
1430,2891,143858.8875650553
1431,2892,21206.524887071922
1432,2893,61117.53347060681
1433,2894,55502.66186932445
1434,2895,323432.44633560337
1435,2896,294814.91105320817
1436,2897,211946.8219369389
1437,2898,130022.2310665989
1438,2899,201985.57264968153
1439,2900,146183.69871851857
1440,2901,160425.5966314965
1441,2902,194495.20705550504
1442,2903,291524.2218234583
1443,2904,314493.21965853823
1444,2905,61474.78863894174
1445,2906,184355.5336868178
1446,2907,109129.10035410548
1447,2908,122321.07121487882
1448,2909,133816.59663804635
1449,2910,83830.63624404275
1450,2911,73024.47887068975
1451,2912,131634.52001214476
1452,2913,81767.83604653622
1453,2914,76876.67719934852
1454,2915,86139.99856947441
1455,2916,77997.84295184645
1456,2917,175034.68947249296
1457,2918,123084.21027087391
1458,2919,204447.37726062967
